<?xml version="1.0" encoding="utf-8" ?>
<dwsync>
<file name="photo-manipulation.png" server="C:/AppServ/www/noticiasifong/" local="131134344615023718" remote="131134344610000000" />
<file name="animation.png" server="C:/AppServ/www/noticiasifong/" local="131134344616423798" remote="131134344610000000" />
<file name="creative-writing.png" server="C:/AppServ/www/noticiasifong/" local="131134344616203785" remote="131134344610000000" />
<file name="digital-art.png" server="C:/AppServ/www/noticiasifong/" local="131134344726120072" remote="131134344720000000" />
<file name="drawing.png" server="C:/AppServ/www/noticiasifong/" local="131134344615973772" remote="131134344610000000" />
<file name="game-development.png" server="C:/AppServ/www/noticiasifong/" local="131134344615873766" remote="131134344610000000" />
<file name="industrial-design.png" server="C:/AppServ/www/noticiasifong/" local="131134344615633753" remote="131134344610000000" />
<file name="packaging.png" server="C:/AppServ/www/noticiasifong/" local="131134344615313734" remote="131134344610000000" />
<file name="painting.png" server="C:/AppServ/www/noticiasifong/" local="131134344615263731" remote="131134344610000000" />
<file name="photography.png" server="C:/AppServ/www/noticiasifong/" local="131134344614933713" remote="131134344610000000" />
<file name="print.png" server="C:/AppServ/www/noticiasifong/" local="131134344614743702" remote="131134344610000000" />
<file name="programming.png" server="C:/AppServ/www/noticiasifong/" local="131134344614653697" remote="131134344610000000" />
<file name="ui-design.png" server="C:/AppServ/www/noticiasifong/" local="131134344614493687" remote="131134344610000000" />
<file name="vector-art.png" server="C:/AppServ/www/noticiasifong/" local="131134344614253674" remote="131134344610000000" />
<file name="web-design.png" server="C:/AppServ/www/noticiasifong/" local="131134344614013660" remote="131134344610000000" />
<file name="literature.png" server="C:/AppServ/www/noticiasifong/" local="131134344615623752" remote="131134344610000000" />
<file name="photo-manipulation.png" server="C:/AppServ/www/dreamsweb/" local="131134344615023718" remote="131134344610000000" />
<file name="animation.png" server="C:/AppServ/www/dreamsweb/" local="131134344616423798" remote="131134344610000000" />
<file name="creative-writing.png" server="C:/AppServ/www/dreamsweb/" local="131134344616203785" remote="131134344610000000" />
<file name="digital-art.png" server="C:/AppServ/www/dreamsweb/" local="131134344726120072" remote="131134344720000000" />
<file name="drawing.png" server="C:/AppServ/www/dreamsweb/" local="131134344615973772" remote="131134344610000000" />
<file name="game-development.png" server="C:/AppServ/www/dreamsweb/" local="131134344615873766" remote="131134344610000000" />
<file name="industrial-design.png" server="C:/AppServ/www/dreamsweb/" local="131134344615633753" remote="131134344610000000" />
<file name="packaging.png" server="C:/AppServ/www/dreamsweb/" local="131134344615313734" remote="131134344610000000" />
<file name="painting.png" server="C:/AppServ/www/dreamsweb/" local="131134344615263731" remote="131134344610000000" />
<file name="photography.png" server="C:/AppServ/www/dreamsweb/" local="131134344614933713" remote="131134344610000000" />
<file name="print.png" server="C:/AppServ/www/dreamsweb/" local="131134344614743702" remote="131134344610000000" />
<file name="programming.png" server="C:/AppServ/www/dreamsweb/" local="131134344614653697" remote="131134344610000000" />
<file name="ui-design.png" server="C:/AppServ/www/dreamsweb/" local="131134344614493687" remote="131134344610000000" />
<file name="vector-art.png" server="C:/AppServ/www/dreamsweb/" local="131134344614253674" remote="131134344610000000" />
<file name="web-design.png" server="C:/AppServ/www/dreamsweb/" local="131134344614013660" remote="131134344610000000" />
<file name="literature.png" server="C:/AppServ/www/dreamsweb/" local="131134344615623752" remote="131134344610000000" />
<file name="photo-manipulation.png" server="C:/wamp/www/dreamsweb/" local="131134344620000000" remote="131134344620000000" />
<file name="animation.png" server="C:/wamp/www/dreamsweb/" local="131134344620000000" remote="131134344620000000" />
<file name="creative-writing.png" server="C:/wamp/www/dreamsweb/" local="131134344620000000" remote="131134344620000000" />
<file name="digital-art.png" server="C:/wamp/www/dreamsweb/" local="131134344740000000" remote="131134344740000000" />
<file name="drawing.png" server="C:/wamp/www/dreamsweb/" local="131134344620000000" remote="131134344620000000" />
<file name="game-development.png" server="C:/wamp/www/dreamsweb/" local="131134344620000000" remote="131134344620000000" />
<file name="industrial-design.png" server="C:/wamp/www/dreamsweb/" local="131134344620000000" remote="131134344620000000" />
<file name="packaging.png" server="C:/wamp/www/dreamsweb/" local="131134344620000000" remote="131134344620000000" />
<file name="painting.png" server="C:/wamp/www/dreamsweb/" local="131134344620000000" remote="131134344620000000" />
<file name="photography.png" server="C:/wamp/www/dreamsweb/" local="131134344620000000" remote="131134344620000000" />
<file name="print.png" server="C:/wamp/www/dreamsweb/" local="131134344620000000" remote="131134344620000000" />
<file name="programming.png" server="C:/wamp/www/dreamsweb/" local="131134344620000000" remote="131134344620000000" />
<file name="ui-design.png" server="C:/wamp/www/dreamsweb/" local="131134344620000000" remote="131134344620000000" />
<file name="vector-art.png" server="C:/wamp/www/dreamsweb/" local="131134344620000000" remote="131134344620000000" />
<file name="web-design.png" server="C:/wamp/www/dreamsweb/" local="131134344620000000" remote="131134344620000000" />
<file name="literature.png" server="C:/wamp/www/dreamsweb/" local="131134344620000000" remote="131134344620000000" />
<file name="photo-manipulation.png" server="C:/wamp/www/Centurion/" local="131134344620000000" remote="131134344620000000" />
<file name="animation.png" server="C:/wamp/www/Centurion/" local="131134344620000000" remote="131134344620000000" />
<file name="creative-writing.png" server="C:/wamp/www/Centurion/" local="131134344620000000" remote="131134344620000000" />
<file name="digital-art.png" server="C:/wamp/www/Centurion/" local="131134344740000000" remote="131134344740000000" />
<file name="drawing.png" server="C:/wamp/www/Centurion/" local="131134344620000000" remote="131134344620000000" />
<file name="game-development.png" server="C:/wamp/www/Centurion/" local="131134344620000000" remote="131134344620000000" />
<file name="industrial-design.png" server="C:/wamp/www/Centurion/" local="131134344620000000" remote="131134344620000000" />
<file name="packaging.png" server="C:/wamp/www/Centurion/" local="131134344620000000" remote="131134344620000000" />
<file name="painting.png" server="C:/wamp/www/Centurion/" local="131134344620000000" remote="131134344620000000" />
<file name="photography.png" server="C:/wamp/www/Centurion/" local="131134344620000000" remote="131134344620000000" />
<file name="print.png" server="C:/wamp/www/Centurion/" local="131134344620000000" remote="131134344620000000" />
<file name="programming.png" server="C:/wamp/www/Centurion/" local="131134344620000000" remote="131134344620000000" />
<file name="ui-design.png" server="C:/wamp/www/Centurion/" local="131134344620000000" remote="131134344620000000" />
<file name="vector-art.png" server="C:/wamp/www/Centurion/" local="131134344620000000" remote="131134344620000000" />
<file name="web-design.png" server="C:/wamp/www/Centurion/" local="131134344620000000" remote="131134344620000000" />
<file name="literature.png" server="C:/wamp/www/Centurion/" local="131134344620000000" remote="131134344620000000" />
</dwsync>